{

  "u1":{"user":"John", "age":22, "country":"United States"},
  "u2":{"user":"Will", "age":27, "country":"United Kingdom"},
  "u3":{"user":"Abiel", "age":19, "country":"Mexico"},
  "u4":{"user":"Rick", "age":34, "country":"Panama"},
  "u5":{"user":"Susan", "age":23, "country":"German"},
  "u6":{"user":"Amy", "age":43, "country":"France"},
  "u7":{"user":"Pete", "age":18, "country":"Italy"},
  "u8":{"user":"Chris", "age":25, "country":"United"},
  "u9":{"user":"Emily", "age":38, "country":"Uraguay"},
  "u10":{"user":"Shawn", "age":52, "country":"Chile"},
  "u11":{"user":"Greg", "age":24, "country":"Romania"},
  "u12":{"user":"Future", "age":22, "country":"Malawi"}

}
